 lyrNum , LyrType,      Fr,      Fc,     Grp,   strdX,   strdY,multiCoreMode,    Pool,  pooKer, pooStrd,enableBias,      Ni,      No,     InW,     InH,    outW,    outH,procTime(us),LayerCycles,kernelOnlyCycles,coreLoopCycles,LayerSetupCycles,dmaPipeupCycles,   IOcyles,inVol(KB),outVol(KB),wtVol(KB), srcMem-IN, dstMem-IN,srcMem-OUT,dstMem-OUT, srcMem-WT, dstMem-WT,MSMCBW-R(M),MSMCBW-W(M),DDRBW-R(M),DDRBW-W(M),dataFlow,
       0,TIDL_DataLayer,       1,       1,       1,       1,       1,       0,       0,       0,       1,         0,       3,       3,     640,     640,     640,     640,    0.00,    0.00,    0.00,    0.00,    0.00,    0.00,    0.00,  0.00,  0.00,  0.00,       DDR,       DDR,      NONE,       DDR,      NONE,      MSMC,    0.00,    0.00,    0.00,    0.00,       3,
       1,TIDL_DataConvertLayer,       1,       1,       1,       1,       1,       0,       0,       0,       1,         0,       3,       3,     640,     640,     640,     640, 1085.67,1085666.65,84480.00,1065083.31, 7000.00,13583.33,1065083.31,4800.00,2400.00,  0.00,       DDR,        L2,      MSMC,       DDR,       DDR,      MSMC,    0.00,    2.40,    4.80,    2.40,       2,
       2,TIDL_ConvolutionLayer,       3,       3,       1,       2,       2,       0,       0,       0,       1,         1,       3,      12,     640,     640,     320,     320,  725.80,725799.99,454807.10,704049.99, 8600.00,13150.00,704049.99,2400.00,2400.12,  0.75,       DDR,        L2,      MSMC,       DDR,       DDR,      MSMC,    0.00,    2.40,    2.40,    2.40,       0,
       3,TIDL_ConvolutionLayer,       3,       3,       1,       1,       1,       0,       0,       0,       1,         1,      12,      32,     320,     320,     320,     320, 1649.59,1649589.66,1625839.66,1625839.66, 8600.00,15150.00,1295983.31,2400.00,6400.00,  7.00,       DDR,        L2,      MSMC,       DDR,       DDR,      MSMC,    0.01,    6.41,    2.41,    6.40,       0,
       4,TIDL_ConvolutionLayer,       3,       3,       1,       2,       2,       0,       0,       0,       1,         1,      32,      64,     320,     320,     160,     160, 4923.56,4923563.33,4902480.00,4902480.00, 8600.00,12483.33,1575749.97,6400.00,3200.12, 36.50,       DDR,        L2,      MSMC,       DDR,       DDR,      MSMC,    0.04,    3.24,    6.44,    3.20,       0,
       5,TIDL_ConvolutionLayer,       1,       1,       1,       1,       1,       0,       0,       0,       1,         1,      64,      32,     160,     160,     160,     160,  749.59,749593.32,236211.80,727443.32, 8600.00,13550.00,727443.32,3200.00,1600.00,  4.25,       DDR,        L2,      MSMC,       DDR,       DDR,      MSMC,    0.00,    1.60,    3.20,    1.60,       1,
       6,TIDL_ConvolutionLayer,       1,       1,       1,       1,       1,       0,       0,       0,       1,         1,      64,      32,     160,     160,     160,     160,  749.59,749593.32,236211.80,727443.32, 8600.00,13550.00,727443.32,3200.00,1600.00,  4.25,       DDR,        L2,      MSMC,       DDR,       DDR,      MSMC,    0.00,    1.60,    3.20,    1.60,       1,
       7,TIDL_ConvolutionLayer,       1,       1,       1,       1,       1,       0,       0,       0,       1,         1,      32,      32,     160,     160,     160,     160,  492.11,492109.99,119443.50,471543.32, 7800.00,12766.67,471543.32,1600.00,1600.00,  2.25,       DDR,        L2,      MSMC,       DDR,       DDR,      MSMC,    0.00,    1.60,    1.60,    1.60,       1,
       8,TIDL_ConvolutionLayer,       3,       3,       1,       1,       1,       0,       0,       0,       1,         1,      32,      32,     160,     160,     160,     160, 1038.90,1038904.68,1014621.35,1014621.35, 8600.00,15683.33,467263.33,1600.00,1600.00, 18.25,       DDR,        L2,      MSMC,       DDR,       DDR,      MSMC,    0.02,    1.62,    1.62,    1.60,       1,
       9,TIDL_EltWiseLayer,       1,       1,       1,       1,       1,       0,       0,       0,       1,         0,      64,      32,     160,     160,     160,     160,  735.17,735166.65,58960.00,712833.32, 8500.00,13833.33,712833.32,3200.00,1600.00,  0.00,       DDR,        L2,      MSMC,       DDR,       DDR,      MSMC,    0.00,    1.60,    3.20,    1.60,       2,
      10,TIDL_ConcatLayer,       1,       1,       1,       1,       1,       0,       0,       0,       1,         0,      64,      64,     160,     160,     160,     160,  965.83,965833.32,115280.00,939749.98,12500.00,13583.33,939749.98,3200.00,3200.00,  0.00,       DDR,        L2,      MSMC,       DDR,       DDR,      MSMC,    0.00,    3.20,    3.20,    3.20,       2,
      11,TIDL_ConvolutionLayer,       1,       1,       1,       1,       1,       0,       0,       0,       1,         1,      64,      64,     160,     160,     160,     160,  991.19,991193.32,467951.00,967976.65, 8600.00,14616.67,967976.65,3200.00,3200.00,  8.50,       DDR,        L2,      MSMC,       DDR,       DDR,      MSMC,    0.01,    3.21,    3.21,    3.20,       1,
      12,TIDL_ConvolutionLayer,       3,       3,       1,       2,       2,       0,       0,       0,       1,         1,      64,     128,     160,     160,      80,      80, 6549.34,6549336.67,6513320.00,6513320.00, 8600.00,27416.67,878683.32,3200.00,1600.25,145.00,       DDR,        L2,      MSMC,       DDR,       DDR,      MSMC,    0.14,    1.75,    3.35,    1.60,       1,
      13,TIDL_ConvolutionLayer,       1,       1,       1,       1,       1,       0,       0,       0,       1,         1,     128,      64,      80,      80,      80,      80,  413.05,413046.66,228571.20,385563.33, 8600.00,18883.33,385563.33,1600.00,800.00, 16.50,       DDR,        L2,      MSMC,       DDR,       DDR,      MSMC,    0.02,    0.82,    1.62,    0.80,       1,
      14,TIDL_ConvolutionLayer,       1,       1,       1,       1,       1,       0,       0,       0,       1,         1,     128,      64,      80,      80,      80,      80,  413.05,413046.66,228571.20,385563.33, 8600.00,18883.33,385563.33,1600.00,800.00, 16.50,       DDR,        L2,      MSMC,       DDR,       DDR,      MSMC,    0.02,    0.82,    1.62,    0.80,       1,
      15,TIDL_ConvolutionLayer,       1,       1,       1,       1,       1,       0,       0,       0,       1,         1,      64,      64,      80,      80,      80,      80,  142.64,142641.20,118791.21,118791.21, 7100.00,16750.00,103830.00,800.00,800.00,  8.50,       DDR,        L2,      NONE,      MSMC,       DDR,      MSMC,    0.01,    0.81,    0.81,    0.00,       1,
      16,TIDL_ConvolutionLayer,       3,       3,       1,       1,       1,       0,       0,       0,       1,         1,      64,      64,      80,      80,      80,      80, 1049.57,1049573.34,1028283.34,1028283.34, 7100.00,14190.00,23824.00,800.00,800.00, 72.50,      MSMC,        L2,      NONE,      MSMC,       DDR,      MSMC,    0.87,    0.87,    0.07,    0.00,       1,
      17,TIDL_EltWiseLayer,       1,       1,       1,       1,       1,       0,       0,       0,       1,         0,     128,      64,      80,      80,      80,      80,  277.83,277833.33,29480.00,260833.33, 8500.00, 8500.00,260833.33,1600.00,800.00,  0.00,       DDR,        L2,      MSMC,       DDR,       DDR,      MSMC,    0.00,    0.80,    1.60,    0.80,       2,
      18,TIDL_ConvolutionLayer,       1,       1,       1,       1,       1,       0,       0,       0,       1,         1,      64,      64,      80,      80,      80,      80,  142.64,142641.20,118791.21,118791.21, 7100.00,16750.00,103830.00,800.00,800.00,  8.50,       DDR,        L2,      NONE,      MSMC,       DDR,      MSMC,    0.01,    0.81,    0.81,    0.00,       1,
      19,TIDL_ConvolutionLayer,       3,       3,       1,       1,       1,       0,       0,       0,       1,         1,      64,      64,      80,      80,      80,      80, 1049.57,1049573.34,1028283.34,1028283.34, 7100.00,14190.00,23824.00,800.00,800.00, 72.50,      MSMC,        L2,      NONE,      MSMC,       DDR,      MSMC,    0.87,    0.87,    0.07,    0.00,       1,
      20,TIDL_EltWiseLayer,       1,       1,       1,       1,       1,       0,       0,       0,       1,         0,     128,      64,      80,      80,      80,      80,  277.83,277833.33,29480.00,260833.33, 8500.00, 8500.00,260833.33,1600.00,800.00,  0.00,       DDR,        L2,      MSMC,       DDR,       DDR,      MSMC,    0.00,    0.80,    1.60,    0.80,       2,
      21,TIDL_ConvolutionLayer,       1,       1,       1,       1,       1,       0,       0,       0,       1,         1,      64,      64,      80,      80,      80,      80,  142.64,142641.20,118791.21,118791.21, 7100.00,16750.00,103830.00,800.00,800.00,  8.50,       DDR,        L2,      NONE,      MSMC,       DDR,      MSMC,    0.01,    0.81,    0.81,    0.00,       1,
      22,TIDL_ConvolutionLayer,       3,       3,       1,       1,       1,       0,       0,       0,       1,         1,      64,      64,      80,      80,      80,      80, 1049.57,1049573.34,1028283.34,1028283.34, 7100.00,14190.00,23824.00,800.00,800.00, 72.50,      MSMC,        L2,      NONE,      MSMC,       DDR,      MSMC,    0.87,    0.87,    0.07,    0.00,       1,
      23,TIDL_EltWiseLayer,       1,       1,       1,       1,       1,       0,       0,       0,       1,         0,     128,      64,      80,      80,      80,      80,  155.00,155000.00,29480.00,139500.00, 7000.00, 8500.00,139500.00,1600.00,800.00,  0.00,       DDR,        L2,      NONE,      MSMC,       DDR,      MSMC,    0.00,    0.80,    1.60,    0.00,       2,
      24,TIDL_ConcatLayer,       1,       1,       1,       1,       1,       0,       0,       0,       1,         0,     128,     128,      80,      80,      80,      80,  155.53,155533.33,57640.00,141616.67,11000.00, 2916.67,141616.67,1600.00,1600.00,  0.00,       DDR,        L2,       DDR,       DDR,       DDR,      MSMC,    0.00,    1.60,    1.60,    1.60,       2,
      25,TIDL_ConvolutionLayer,       1,       1,       1,       1,       1,       0,       0,       0,       1,         1,     128,     128,      80,      80,      80,      80,  547.66,547659.99,455259.22,516976.66, 8600.00,22083.33,516976.66,1600.00,1600.00, 33.00,       DDR,        L2,      MSMC,       DDR,       DDR,      MSMC,    0.03,    1.63,    1.63,    1.60,       1,
      26,TIDL_ConvolutionLayer,       3,       3,       1,       2,       2,       0,       0,       0,       1,         1,     128,     256,      80,      80,      40,      40, 6598.98,6598981.24,6497897.91,6497897.91, 8600.00,92483.33,420416.66,1600.00,800.50,578.00,       DDR,        L2,      MSMC,       DDR,       DDR,      MSMC,    0.58,    1.38,    2.18,    0.80,       1,
      27,TIDL_ConvolutionLayer,       1,       1,       1,       1,       1,       0,       0,       0,       1,         1,     256,     128,      40,      40,      40,      40,  273.72,273724.14,236640.80,236640.80, 8600.00,28483.33,203216.66,800.00,400.00, 65.00,       DDR,        L2,      MSMC,       DDR,       DDR,      MSMC,    0.07,    0.47,    0.86,    0.40,       1,
      28,TIDL_ConvolutionLayer,       1,       1,       1,       1,       1,       0,       0,       0,       1,         1,     256,     128,      40,      40,      40,      40,  272.22,272224.14,236640.80,236640.80, 7100.00,28483.33,128470.00,800.00,400.00, 65.00,       DDR,        L2,      NONE,      MSMC,       DDR,      MSMC,    0.07,    0.47,    0.86,    0.00,       1,
      29,TIDL_ConvolutionLayer,       1,       1,       1,       1,       1,       0,       0,       0,       1,         1,     128,     128,      40,      40,      40,      40,  140.06,140062.67,122826.00,122826.00, 7100.00,10136.67, 9667.33,400.00,400.00, 33.00,      MSMC,        L2,      NONE,      MSMC,       DDR,      MSMC,    0.43,    0.43,    0.03,    0.00,       1,
      30,TIDL_ConvolutionLayer,       3,       3,       1,       1,       1,       0,       0,       0,       1,         1,     128,     128,      40,      40,      40,      40, 9742.30,9742301.67,9733565.00,9733565.00, 5500.00, 3236.67, 9917.33,400.00,400.00,289.00,      MSMC,        L2,      NONE,      MSMC,       DDR,       DDR,    0.69,    0.69,    0.29,    0.00,       1,
      31,TIDL_EltWiseLayer,       1,       1,       1,       1,       1,       0,       0,       0,       1,         0,     256,     128,      40,      40,      40,      40,   34.20,34200.00,14740.00,24033.33, 7000.00, 3166.67,24033.33,800.00,400.00,  0.00,      MSMC,        L2,      NONE,      MSMC,       DDR,      MSMC,    0.80,    0.40,    0.00,    0.00,       2,
      32,TIDL_ConvolutionLayer,       1,       1,       1,       1,       1,       0,       0,       0,       1,         1,     128,     128,      40,      40,      40,      40,  140.06,140062.67,122826.00,122826.00, 7100.00,10136.67, 9667.33,400.00,400.00, 33.00,      MSMC,        L2,      NONE,      MSMC,       DDR,      MSMC,    0.43,    0.43,    0.03,    0.00,       1,
      33,TIDL_ConvolutionLayer,       3,       3,       1,       1,       1,       0,       0,       0,       1,         1,     128,     128,      40,      40,      40,      40, 9742.30,9742301.67,9733565.00,9733565.00, 5500.00, 3236.67, 9917.33,400.00,400.00,289.00,      MSMC,        L2,      NONE,      MSMC,       DDR,       DDR,    0.69,    0.69,    0.29,    0.00,       1,
      34,TIDL_EltWiseLayer,       1,       1,       1,       1,       1,       0,       0,       0,       1,         0,     256,     128,      40,      40,      40,      40,   34.20,34200.00,14740.00,24033.33, 7000.00, 3166.67,24033.33,800.00,400.00,  0.00,      MSMC,        L2,      NONE,      MSMC,       DDR,      MSMC,    0.80,    0.40,    0.00,    0.00,       2,
      35,TIDL_ConvolutionLayer,       1,       1,       1,       1,       1,       0,       0,       0,       1,         1,     128,     128,      40,      40,      40,      40,  140.06,140062.67,122826.00,122826.00, 7100.00,10136.67, 9667.33,400.00,400.00, 33.00,      MSMC,        L2,      NONE,      MSMC,       DDR,      MSMC,    0.43,    0.43,    0.03,    0.00,       1,
      36,TIDL_ConvolutionLayer,       3,       3,       1,       1,       1,       0,       0,       0,       1,         1,     128,     128,      40,      40,      40,      40, 9742.30,9742301.67,9733565.00,9733565.00, 5500.00, 3236.67, 9917.33,400.00,400.00,289.00,      MSMC,        L2,      NONE,      MSMC,       DDR,       DDR,    0.69,    0.69,    0.29,    0.00,       1,
      37,TIDL_EltWiseLayer,       1,       1,       1,       1,       1,       0,       0,       0,       1,         0,     256,     128,      40,      40,      40,      40,   34.20,34200.00,14740.00,24033.33, 7000.00, 3166.67,24033.33,800.00,400.00,  0.00,      MSMC,        L2,      NONE,      MSMC,       DDR,      MSMC,    0.80,    0.40,    0.00,    0.00,       2,
      38,TIDL_ConcatLayer,       1,       1,       1,       1,       1,       0,       0,       0,       1,         0,     256,     256,      40,      40,      40,      40,  203.97,203966.66,28820.00,188550.00,12500.00, 2916.67,188550.00,800.00,800.00,  0.00,       DDR,        L2,      MSMC,       DDR,       DDR,      MSMC,    0.00,    0.80,    0.80,    0.80,       2,
      39,TIDL_ConvolutionLayer,       1,       1,       1,       1,       1,       0,       0,       0,       1,         1,     256,     256,      40,      40,      40,      40,  520.09,520090.00,472340.00,472340.00, 8600.00,39150.00,275963.33,800.00,800.00,130.00,       DDR,        L2,      MSMC,       DDR,       DDR,      MSMC,    0.13,    0.93,    0.93,    0.80,       1,
      40,TIDL_ConvolutionLayer,       3,       3,       1,       2,       2,       0,       0,       0,       1,         1,     256,     512,      40,      40,      20,      20,103836.02,103836016.00,103817466.00,103817466.00, 5500.00,13050.00,128970.00,800.00,401.00,2308.00,       DDR,        L2,      NONE,      MSMC,       DDR,       DDR,    2.31,    2.71,    3.11,    0.00,       1,
      41,TIDL_ConvolutionLayer,       1,       1,       1,       1,       1,       0,       0,       0,       1,         1,     512,     256,      20,      20,      20,      20,  277.29,277291.83,227628.50,227628.50, 7100.00,42563.33,16018.67,400.00,200.00,258.00,      MSMC,        L2,      NONE,      MSMC,       DDR,      MSMC,    0.66,    0.46,    0.26,    0.00,       1,
      42,TIDL_PoolingLayer,       3,       3,       1,       1,       1,       0,       0,       3,       1,         0,     256,     256,      20,      20,      20,      20,   22.51,22506.63,10783.30,10783.30, 5500.00, 6223.33,    0.00,200.12,200.00,  0.00,      MSMC,        L2,      NONE,      MSMC,       DDR,      MSMC,    0.20,    0.20,    0.00,    0.00,       2,
      43,TIDL_PoolingLayer,       3,       3,       1,       1,       1,       0,       0,       3,       1,         0,     256,     256,      20,      20,      20,      20,   22.51,22506.63,10783.30,10783.30, 5500.00, 6223.33,    0.00,200.12,200.00,  0.00,      MSMC,        L2,      NONE,      MSMC,       DDR,      MSMC,    0.20,    0.20,    0.00,    0.00,       2,
      44,TIDL_PoolingLayer,       3,       3,       1,       1,       1,       0,       0,       3,       1,         0,     256,     256,      20,      20,      20,      20,   22.51,22506.63,10783.30,10783.30, 5500.00, 6223.33,    0.00,200.12,200.00,  0.00,      MSMC,        L2,      NONE,      MSMC,       DDR,      MSMC,    0.20,    0.20,    0.00,    0.00,       2,
      45,TIDL_PoolingLayer,       3,       3,       1,       1,       1,       0,       0,       3,       1,         0,     256,     256,      20,      20,      20,      20,   22.51,22506.63,10783.30,10783.30, 5500.00, 6223.33,    0.00,200.12,200.00,  0.00,      MSMC,        L2,      NONE,      MSMC,       DDR,      MSMC,    0.20,    0.20,    0.00,    0.00,       2,
      46,TIDL_PoolingLayer,       3,       3,       1,       1,       1,       0,       0,       3,       1,         0,     256,     256,      20,      20,      20,      20,   22.51,22506.63,10783.30,10783.30, 5500.00, 6223.33,    0.00,200.12,200.00,  0.00,      MSMC,        L2,      NONE,      MSMC,       DDR,      MSMC,    0.20,    0.20,    0.00,    0.00,       2,
      47,TIDL_PoolingLayer,       3,       3,       1,       1,       1,       0,       0,       3,       1,         0,     256,     256,      20,      20,      20,      20,   22.51,22506.63,10783.30,10783.30, 5500.00, 6223.33,    0.00,200.12,200.00,  0.00,      MSMC,        L2,      NONE,      MSMC,       DDR,      MSMC,    0.20,    0.20,    0.00,    0.00,       2,
      48,TIDL_ConcatLayer,       1,       1,       1,       1,       1,       0,       0,       0,       1,         0,    1024,    1024,      20,      20,      20,      20,  189.05,189046.67,29480.00,163803.33,23500.00, 1743.33,163803.33,800.00,800.00,  0.00,      MSMC,        L2,      MSMC,       DDR,       DDR,      MSMC,    0.80,    0.80,    0.00,    0.80,       2,
      49,TIDL_ConvolutionLayer,       1,       1,       1,       1,       1,       0,       0,       0,       1,         1,    1024,     512,      20,      20,      20,      20, 7815.89,7815889.10,7793072.44,7793072.44, 5500.00,17316.67,152186.66,800.00,400.00,1028.00,       DDR,        L2,      NONE,      MSMC,       DDR,       DDR,    1.03,    1.43,    1.83,    0.00,       1,
      50,TIDL_ConvolutionLayer,       1,       1,       1,       1,       1,       0,       0,       0,       1,         1,     512,     256,      20,      20,      20,      20,  277.29,277291.83,227628.50,227628.50, 7100.00,42563.33,16018.67,400.00,200.00,258.00,      MSMC,        L2,      NONE,      MSMC,       DDR,      MSMC,    0.66,    0.46,    0.26,    0.00,       1,
      51,TIDL_ConvolutionLayer,       1,       1,       1,       1,       1,       0,       0,       0,       1,         1,     512,     256,      20,      20,      20,      20,  277.29,277291.83,227628.50,227628.50, 7100.00,42563.33,16018.67,400.00,200.00,258.00,      MSMC,        L2,      NONE,      MSMC,       DDR,      MSMC,    0.66,    0.46,    0.26,    0.00,       1,
      52,TIDL_ConvolutionLayer,       1,       1,       1,       1,       1,       0,       0,       0,       1,         1,     256,     256,      20,      20,      20,      20,  150.68,150681.67,118085.00,118085.00, 7100.00,25496.67, 3066.00,200.00,200.00,130.00,      MSMC,        L2,      NONE,      MSMC,       DDR,      MSMC,    0.33,    0.33,    0.13,    0.00,       1,
      53,TIDL_ConvolutionLayer,       3,       3,       1,       1,       1,       0,       0,       0,       1,         1,     256,     256,      20,      20,      20,      20,10715.88,10715878.33,10706715.00,10706715.00, 5500.00, 3663.33, 4254.67,200.00,200.00,1154.00,      MSMC,        L2,      NONE,      MSMC,       DDR,       DDR,    1.35,    1.35,    1.15,    0.00,       1,
      54,TIDL_ConcatLayer,       1,       1,       1,       1,       1,       0,       0,       0,       1,         0,     512,     512,      20,      20,      20,      20,   28.65,28646.67,14410.00,14410.00,11000.00, 3236.67,10606.00,400.00,440.00,  0.00,      MSMC,        L2,      NONE,      MSMC,       DDR,      MSMC,    0.40,    0.44,    0.00,    0.00,       2,
      55,TIDL_ConvolutionLayer,       1,       1,       1,       1,       1,       0,       0,       0,       1,         1,     512,     512,      20,      20,      20,      20, 3617.75,3617751.83,3608588.50,3608588.50, 5500.00, 3663.33,16018.67,440.00,440.00,516.00,      MSMC,        L2,      NONE,      MSMC,       DDR,       DDR,    0.96,    0.96,    0.52,    0.00,       1,
      56,TIDL_ConvolutionLayer,       1,       1,       1,       1,       1,       0,       0,       0,       1,         1,     512,     256,      20,      20,      20,      20, 1815.25,1815251.83,1804588.50,1804588.50, 7000.00, 3663.33,64202.00,440.00,220.00,258.00,      MSMC,        L2,      MSMC,       DDR,       DDR,       DDR,    0.70,    0.48,    0.26,    0.22,       1,
      57,TIDL_ResizeLayer,       3,       3,       1,       2,       2,       0,       0,       0,       1,         0,     256,     256,      20,      20,      40,      40,   64.38,64375.47,51158.80,51158.80, 5500.00, 7716.67,25390.00,220.00,840.12,  0.00,       DDR,        L2,      NONE,      MSMC,       DDR,      MSMC,    0.00,    0.84,    0.22,    0.00,       2,
      58,TIDL_ConcatLayer,       1,       1,       1,       1,       1,       0,       0,       0,       1,         0,     512,     512,      40,      40,      40,      40,  403.83,403833.33,58960.00,389749.99,12500.00, 1583.33,389749.99,1680.00,1600.00,  0.00,       DDR,        L2,      MSMC,       DDR,       DDR,      MSMC,    0.00,    1.60,    1.68,    1.60,       2,
      59,TIDL_ConvolutionLayer,       1,       1,       1,       1,       1,       0,       0,       0,       1,         1,     512,     128,      40,      40,      40,      40, 3634.67,3634670.67,3610354.00,3610354.00, 7000.00,17316.67,460309.99,1600.00,400.00,129.00,       DDR,        L2,      MSMC,       DDR,       DDR,       DDR,    0.13,    0.53,    1.73,    0.40,       1,
      60,TIDL_ConvolutionLayer,       1,       1,       1,       1,       1,       0,       0,       0,       1,         1,     512,     128,      40,      40,      40,      40,  500.55,500550.67,456434.00,456434.00, 7100.00,37016.67,361443.33,1600.00,400.00,129.00,       DDR,        L2,      NONE,      MSMC,       DDR,      MSMC,    0.13,    0.53,    1.73,    0.00,       1,
      61,TIDL_ConvolutionLayer,       1,       1,       1,       1,       1,       0,       0,       0,       1,         1,     128,     128,      40,      40,      40,      40,  140.06,140062.67,122826.00,122826.00, 7100.00,10136.67, 9667.33,400.00,400.00, 33.00,      MSMC,        L2,       DDR,       DDR,       DDR,      MSMC,    0.43,    0.43,    0.03,    0.40,       1,
      62,TIDL_ConvolutionLayer,       3,       3,       1,       1,       1,       0,       0,       0,       1,         1,     128,     128,      40,      40,      40,      40, 9754.25,9754248.33,9733565.00,9733565.00, 5500.00,15183.33,45586.67,400.00,400.00,289.00,       DDR,        L2,      NONE,      MSMC,       DDR,       DDR,    0.29,    0.69,    0.69,    0.00,       1,
      63,TIDL_ConcatLayer,       1,       1,       1,       1,       1,       0,       0,       0,       1,         0,     256,     256,      40,      40,      40,      40,  203.97,203966.66,28820.00,188550.00,12500.00, 2916.67,188550.00,800.00,840.00,  0.00,       DDR,        L2,      MSMC,       DDR,       DDR,      MSMC,    0.00,    0.84,    0.80,    0.84,       2,
      64,TIDL_ConvolutionLayer,       1,       1,       1,       1,       1,       0,       0,       0,       1,         1,     256,     256,      40,      40,      40,      40,  520.09,520090.00,472340.00,472340.00, 8600.00,39150.00,275963.33,840.00,840.00,130.00,       DDR,        L2,      MSMC,       DDR,       DDR,      MSMC,    0.13,    0.97,    0.97,    0.84,       1,
      65,TIDL_ConvolutionLayer,       1,       1,       1,       1,       1,       0,       0,       0,       1,         1,     256,     128,      40,      40,      40,      40,  273.72,273724.14,236640.80,236640.80, 8600.00,28483.33,203216.66,840.00,420.00, 65.00,       DDR,        L2,      MSMC,       DDR,       DDR,      MSMC,    0.07,    0.48,    0.91,    0.42,       1,
      66,TIDL_ResizeLayer,       3,       3,       1,       2,       2,       0,       0,       0,       1,         0,     128,     128,      40,      40,      80,      80,  254.82,254815.20,234665.20,234665.20, 5500.00,14650.00,48270.00,420.00,1640.12,  0.00,       DDR,        L2,       DDR,       DDR,       DDR,      MSMC,    0.00,    1.64,    0.42,    1.64,       2,
      67,TIDL_ConcatLayer,       1,       1,       1,       1,       1,       0,       0,       0,       1,         0,     256,     256,      80,      80,      80,      80,  965.83,965833.32,115280.00,939749.98,12500.00,13583.33,939749.98,3280.00,3200.00,  0.00,       DDR,        L2,      MSMC,       DDR,       DDR,      MSMC,    0.00,    3.20,    3.28,    3.20,       2,
      68,TIDL_ConvolutionLayer,       1,       1,       1,       1,       1,       0,       0,       0,       1,         1,     256,      64,      80,      80,      80,      80,  596.26,596256.66,460315.90,566006.66, 7100.00,23150.00,566006.66,3200.00,800.00, 32.50,       DDR,        L2,      NONE,      MSMC,       DDR,      MSMC,    0.03,    0.83,    3.23,    0.00,       1,
      69,TIDL_ConvolutionLayer,       1,       1,       1,       1,       1,       0,       0,       0,       1,         1,     256,      64,      80,      80,      80,      80,  749.83,749826.65,460315.90,718076.65, 8600.00,23150.00,718076.65,3200.00,800.00, 32.50,       DDR,        L2,      MSMC,       DDR,       DDR,      MSMC,    0.03,    0.83,    3.23,    0.80,       1,
      70,TIDL_ConvolutionLayer,       1,       1,       1,       1,       1,       0,       0,       0,       1,         1,      64,      64,      80,      80,      80,      80,  265.02,265020.00,117361.20,243936.66, 8600.00,12483.33,243936.66,800.00,800.00,  8.50,       DDR,        L2,      MSMC,       DDR,       DDR,      MSMC,    0.01,    0.81,    0.81,    0.80,       1,
      71,TIDL_ConvolutionLayer,       3,       3,       1,       1,       1,       0,       0,       0,       1,         1,      64,      64,      80,      80,      80,      80, 1045.36,1045357.36,1017874.02,1017874.02, 8600.00,18883.33,237376.66,800.00,800.00, 72.50,       DDR,        L2,        L2,       DDR,       DDR,      MSMC,    0.07,    0.87,    0.87,    0.80,       1,
      72,TIDL_ConcatLayer,       1,       1,       1,       1,       1,       0,       0,       0,       1,         0,     128,     128,      80,      80,      80,      80,  403.30,403299.99,58960.00,383883.33,12500.00, 6916.67,383883.33,1600.00,1600.00,  0.00,      MSMC,        L2,      MSMC,       DDR,       DDR,      MSMC,    1.60,    1.60,    0.00,    1.60,       2,
      73,TIDL_ConvolutionLayer,       1,       1,       1,       1,       1,       0,       0,       0,       1,         1,     128,     128,      80,      80,      80,      80,  547.66,547659.99,455259.22,516976.66, 8600.00,22083.33,516976.66,1600.00,1600.00, 33.00,       DDR,        L2,      MSMC,       DDR,       DDR,      MSMC,    0.03,    1.63,    1.63,    1.60,       1,
      74,TIDL_ConvolutionLayer,       1,       1,       1,       1,       1,       0,       0,       0,       1,         1,     128,     128,      80,      80,      80,      80,  547.66,547659.99,455259.22,516976.66, 8600.00,22083.33,516976.66,1600.00,1600.00, 33.00,       DDR,        L2,      MSMC,       DDR,       DDR,      MSMC,    0.03,    1.63,    1.63,    1.60,       1,
      75,TIDL_ConvolutionLayer,       3,       3,       1,       1,       1,       0,       0,       0,       1,         1,     128,     128,      80,      80,      80,      80, 4114.39,4114386.88,4051070.22,4051070.22, 7100.00,56216.66,237320.00,1600.00,1600.00,289.00,       DDR,        L2,       DDR,       DDR,       DDR,      MSMC,    0.29,    1.89,    1.89,    1.60,       1,
      76,TIDL_ConvolutionLayer,       3,       3,       1,       1,       1,       0,       0,       0,       1,         1,     128,     128,      80,      80,      80,      80, 4114.39,4114386.88,4051070.22,4051070.22, 7100.00,56216.66,237320.00,1600.00,1600.00,289.00,       DDR,        L2,       DDR,       DDR,       DDR,      MSMC,    0.29,    1.89,    1.89,    1.60,       1,
      77,TIDL_ConvolutionLayer,       1,       1,       1,       1,       1,       0,       0,       0,       1,         1,     128,       6,      80,      80,      80,      80,  273.23,273233.33,58484.80,250150.00, 7100.00,15983.33,250150.00,1600.00, 75.00,  1.62,       DDR,        L2,      NONE,      MSMC,       DDR,      MSMC,    0.00,    0.08,    1.60,    0.00,       1,
      78,TIDL_ConvolutionLayer,       3,       3,       1,       1,       1,       0,       0,       0,       1,         1,     128,     128,      80,      80,      80,      80, 4114.39,4114386.88,4051070.22,4051070.22, 7100.00,56216.66,237320.00,1600.00,1600.00,289.00,       DDR,        L2,       DDR,       DDR,       DDR,      MSMC,    0.29,    1.89,    1.89,    1.60,       1,
      79,TIDL_ConvolutionLayer,       3,       3,       1,       1,       1,       0,       0,       0,       1,         1,     128,     128,      80,      80,      80,      80, 4114.39,4114386.88,4051070.22,4051070.22, 7100.00,56216.66,237320.00,1600.00,1600.00,289.00,       DDR,        L2,       DDR,       DDR,       DDR,      MSMC,    0.29,    1.89,    1.89,    1.60,       1,
      80,TIDL_ConvolutionLayer,       1,       1,       1,       1,       1,       0,       0,       0,       1,         1,     128,       4,      80,      80,      80,      80,  273.13,273133.33,58484.80,250150.00, 7100.00,15883.33,250150.00,1600.00, 50.00,  1.12,       DDR,        L2,      NONE,      MSMC,       DDR,      MSMC,    0.00,    0.05,    1.60,    0.00,       1,
      81,TIDL_ConvolutionLayer,       1,       1,       1,       1,       1,       0,       0,       0,       1,         1,     128,       1,      80,      80,      80,      80,  272.98,272983.33,58484.80,250150.00, 7100.00,15733.33,250150.00,1600.00, 12.50,  0.38,       DDR,        L2,      NONE,      MSMC,       DDR,      MSMC,    0.00,    0.01,    1.60,    0.00,       1,
      82,TIDL_ConcatLayer,       1,       1,       1,       1,       1,       0,       0,       0,       1,         0,      11,      11,      80,      80,      80,      80,   47.67,47666.67, 5747.50,29083.33,18000.00,  583.33,29083.33,137.50,137.50,  0.00,      MSMC,        L2,      MSMC,       DDR,       DDR,      MSMC,    0.14,    0.14,    0.00,    0.14,       2,
      83,TIDL_ConvolutionLayer,       3,       3,       1,       2,       2,       0,       0,       0,       1,         1,     128,     128,      80,      80,      40,      40,25974.99,25974985.17,25958568.50,25958568.50, 5500.00,10916.67,227683.33,1600.00,400.25,289.00,       DDR,        L2,      NONE,      MSMC,       DDR,       DDR,    0.29,    0.69,    1.89,    0.00,       1,
      84,TIDL_ConcatLayer,       1,       1,       1,       1,       1,       0,       0,       0,       1,         0,     256,     256,      40,      40,      40,      40,  203.97,203966.66,28820.00,188550.00,12500.00, 2916.67,188550.00,840.00,800.00,  0.00,       DDR,        L2,      MSMC,       DDR,       DDR,      MSMC,    0.00,    0.80,    0.84,    0.80,       2,
      85,TIDL_ConvolutionLayer,       1,       1,       1,       1,       1,       0,       0,       0,       1,         1,     256,     128,      40,      40,      40,      40,  273.72,273724.14,236640.80,236640.80, 8600.00,28483.33,203216.66,800.00,400.00, 65.00,       DDR,        L2,      MSMC,       DDR,       DDR,      MSMC,    0.07,    0.47,    0.86,    0.40,       1,
      86,TIDL_ConvolutionLayer,       1,       1,       1,       1,       1,       0,       0,       0,       1,         1,     256,     128,      40,      40,      40,      40,  272.22,272224.14,236640.80,236640.80, 7100.00,28483.33,128470.00,800.00,400.00, 65.00,       DDR,        L2,      NONE,      MSMC,       DDR,      MSMC,    0.07,    0.47,    0.86,    0.00,       1,
      87,TIDL_ConvolutionLayer,       1,       1,       1,       1,       1,       0,       0,       0,       1,         1,     128,     128,      40,      40,      40,      40,  140.06,140062.67,122826.00,122826.00, 7100.00,10136.67, 9667.33,400.00,400.00, 33.00,      MSMC,        L2,      NONE,      MSMC,       DDR,      MSMC,    0.43,    0.43,    0.03,    0.00,       1,
      88,TIDL_ConvolutionLayer,       3,       3,       1,       1,       1,       0,       0,       0,       1,         1,     128,     128,      40,      40,      40,      40, 1269.35,1269350.53,1217980.53,1217980.53, 7100.00,44270.00, 9917.33,400.00,400.00,289.00,      MSMC,        L2,      NONE,      MSMC,       DDR,      MSMC,    0.69,    0.69,    0.29,    0.00,       1,
      89,TIDL_ConcatLayer,       1,       1,       1,       1,       1,       0,       0,       0,       1,         0,     256,     256,      40,      40,      40,      40,  203.97,203966.66,28820.00,188550.00,12500.00, 2916.67,188550.00,800.00,800.00,  0.00,       DDR,        L2,      MSMC,       DDR,       DDR,      MSMC,    0.00,    0.80,    0.80,    0.80,       2,
      90,TIDL_ConvolutionLayer,       1,       1,       1,       1,       1,       0,       0,       0,       1,         1,     256,     256,      40,      40,      40,      40,  518.59,518590.00,472340.00,472340.00, 7100.00,39150.00,128470.00,800.00,800.00,130.00,       DDR,        L2,      NONE,      MSMC,       DDR,      MSMC,    0.13,    0.93,    0.93,    0.00,       1,
      91,TIDL_ConvolutionLayer,       1,       1,       1,       1,       1,       0,       0,       0,       1,         1,     256,     128,      40,      40,      40,      40,  262.67,262672.84,240949.50,240949.50, 8600.00,13123.33,100647.33,800.00,400.00, 65.00,      MSMC,        L2,        L2,       DDR,       DDR,      MSMC,    0.86,    0.47,    0.07,    0.40,       1,
      92,TIDL_ConvolutionLayer,       3,       3,       1,       1,       1,       0,       0,       0,       1,         1,     128,     128,      40,      40,      40,      40, 8780.70,8780698.75,8760648.75,8760648.75, 7000.00,13050.00,120083.33,400.00,400.00,289.00,       DDR,        L2,      MSMC,       DDR,       DDR,       DDR,    0.29,    0.69,    0.69,    0.40,       1,
      93,TIDL_ConvolutionLayer,       3,       3,       1,       1,       1,       0,       0,       0,       1,         1,     128,     128,      40,      40,      40,      40, 8780.70,8780698.75,8760648.75,8760648.75, 7000.00,13050.00,120083.33,400.00,400.00,289.00,       DDR,        L2,      MSMC,       DDR,       DDR,       DDR,    0.29,    0.69,    0.69,    0.40,       1,
      94,TIDL_ConvolutionLayer,       1,       1,       1,       1,       1,       0,       0,       0,       1,         1,     128,       6,      40,      40,      40,      40,   68.42,68420.00,15747.60,45336.67, 7100.00,15983.33,45336.67,400.00, 18.75,  1.62,       DDR,        L2,      NONE,      MSMC,       DDR,      MSMC,    0.00,    0.02,    0.40,    0.00,       1,
      95,TIDL_ConvolutionLayer,       3,       3,       1,       1,       1,       0,       0,       0,       1,         1,     128,     128,      40,      40,      40,      40, 8452.62,8452616.08,8436832.75,8436832.75, 7000.00, 8783.33,137510.00,400.00,400.00,289.00,       DDR,        L2,      MSMC,       DDR,       DDR,       DDR,    0.29,    0.69,    0.69,    0.40,       1,
      96,TIDL_ConvolutionLayer,       3,       3,       1,       1,       1,       0,       0,       0,       1,         1,     128,     128,      40,      40,      40,      40, 8452.62,8452616.08,8436832.75,8436832.75, 7000.00, 8783.33,137510.00,400.00,400.00,289.00,       DDR,        L2,      MSMC,       DDR,       DDR,       DDR,    0.29,    0.69,    0.69,    0.40,       1,
      97,TIDL_ConvolutionLayer,       1,       1,       1,       1,       1,       0,       0,       0,       1,         1,     128,       4,      40,      40,      40,      40,   67.14,67136.67,15747.60,45336.67, 6300.00,15500.00,45336.67,400.00, 12.50,  1.12,       DDR,        L2,      NONE,      MSMC,       DDR,      MSMC,    0.00,    0.01,    0.40,    0.00,       1,
      98,TIDL_ConvolutionLayer,       1,       1,       1,       1,       1,       0,       0,       0,       1,         1,     128,       1,      40,      40,      40,      40,   68.17,68170.00,15747.60,45336.67, 7100.00,15733.33,45336.67,400.00,  3.12,  0.38,       DDR,        L2,      NONE,      MSMC,       DDR,      MSMC,    0.00,    0.00,    0.40,    0.00,       1,
      99,TIDL_ConcatLayer,       1,       1,       1,       1,       1,       0,       0,       0,       1,         0,      11,      11,      40,      40,      40,      40,   20.25,20250.00, 2117.50, 3416.67,16500.00,  333.33, 3416.67, 34.38, 34.38,  0.00,      MSMC,        L2,      NONE,      MSMC,       DDR,      MSMC,    0.03,    0.03,    0.00,    0.00,       2,
     100,TIDL_ConvolutionLayer,       3,       3,       1,       2,       2,       0,       0,       0,       1,         1,     256,     256,      40,      40,      20,      20,51917.74,51917741.00,51909431.00,51909431.00, 5500.00, 2810.00,27594.00,800.00,200.50,1154.00,      MSMC,        L2,       DDR,       DDR,       DDR,       DDR,    1.95,    1.35,    1.15,    0.20,       1,
     101,TIDL_ConcatLayer,       1,       1,       1,       1,       1,       0,       0,       0,       1,         0,     512,     512,      20,      20,      20,      20,   77.96,77960.00,14740.00,59243.33,11000.00, 7716.67,59243.33,440.00,400.00,  0.00,       DDR,        L2,      NONE,      MSMC,       DDR,      MSMC,    0.00,    0.40,    0.44,    0.00,       2,
     102,TIDL_ConvolutionLayer,       1,       1,       1,       1,       1,       0,       0,       0,       1,         1,     512,     256,      20,      20,      20,      20, 1813.75,1813751.83,1804588.50,1804588.50, 5500.00, 3663.33,16018.67,400.00,200.00,258.00,      MSMC,        L2,      NONE,      MSMC,       DDR,       DDR,    0.66,    0.46,    0.26,    0.00,       1,
     103,TIDL_ConvolutionLayer,       1,       1,       1,       1,       1,       0,       0,       0,       1,         1,     512,     256,      20,      20,      20,      20,  277.29,277291.83,227628.50,227628.50, 7100.00,42563.33,16018.67,400.00,200.00,258.00,      MSMC,        L2,      NONE,      MSMC,       DDR,      MSMC,    0.66,    0.46,    0.26,    0.00,       1,
     104,TIDL_ConvolutionLayer,       1,       1,       1,       1,       1,       0,       0,       0,       1,         1,     256,     256,      20,      20,      20,      20,  150.68,150681.67,118085.00,118085.00, 7100.00,25496.67, 3066.00,200.00,200.00,130.00,      MSMC,        L2,      NONE,      MSMC,       DDR,      MSMC,    0.33,    0.33,    0.13,    0.00,       1,
     105,TIDL_ConvolutionLayer,       3,       3,       1,       1,       1,       0,       0,       0,       1,         1,     256,     256,      20,      20,      20,      20,10715.88,10715878.33,10706715.00,10706715.00, 5500.00, 3663.33, 4254.67,200.00,200.00,1154.00,      MSMC,        L2,      NONE,      MSMC,       DDR,       DDR,    1.35,    1.35,    1.15,    0.00,       1,
     106,TIDL_ConcatLayer,       1,       1,       1,       1,       1,       0,       0,       0,       1,         0,     512,     512,      20,      20,      20,      20,   93.05,93049.33,14410.00,77312.67,12500.00, 3236.67,77312.67,400.00,400.00,  0.00,      MSMC,        L2,      MSMC,       DDR,       DDR,      MSMC,    0.40,    0.40,    0.00,    0.40,       2,
     107,TIDL_ConvolutionLayer,       1,       1,       1,       1,       1,       0,       0,       0,       1,         1,     512,     512,      20,      20,      20,      20, 3632.91,3632905.17,3608588.50,3608588.50, 7000.00,17316.67,171210.00,400.00,400.00,516.00,       DDR,        L2,      MSMC,       DDR,       DDR,       DDR,    0.52,    0.92,    0.92,    0.40,       1,
     108,TIDL_ConvolutionLayer,       1,       1,       1,       1,       1,       0,       0,       0,       1,         1,     512,     128,      20,      20,      20,      20,  925.41,925405.17,902588.50,902588.50, 5500.00,17316.67,76093.33,400.00,100.00,129.00,       DDR,        L2,      NONE,      MSMC,       DDR,       DDR,    0.13,    0.23,    0.53,    0.00,       1,
     109,TIDL_ConvolutionLayer,       3,       3,       1,       1,       1,       0,       0,       0,       1,         1,     128,     128,      20,      20,      20,      20,  305.10,305103.70,253733.70,253733.70, 7100.00,44270.00,    0.00,100.00,100.00,289.00,      MSMC,        L2,      NONE,      MSMC,       DDR,      MSMC,    0.39,    0.39,    0.29,    0.00,       1,
     110,TIDL_ConvolutionLayer,       3,       3,       1,       1,       1,       0,       0,       0,       1,         1,     128,     128,      20,      20,      20,      20,  305.10,305103.70,253733.70,253733.70, 7100.00,44270.00,    0.00,100.00,100.00,289.00,      MSMC,        L2,      NONE,      MSMC,       DDR,      MSMC,    0.39,    0.39,    0.29,    0.00,       1,
     111,TIDL_ConvolutionLayer,       1,       1,       1,       1,       1,       0,       0,       0,       1,         1,     128,       6,      20,      20,      20,      20,   13.54,13541.97, 3655.30, 3655.30, 6300.00, 3586.67,    0.00,100.00,  4.75,  1.62,      MSMC,        L2,      NONE,      MSMC,       DDR,      MSMC,    0.10,    0.01,    0.00,    0.00,       1,
     112,TIDL_ConvolutionLayer,       3,       3,       1,       1,       1,       0,       0,       0,       1,         1,     128,     128,      20,      20,      20,      20,  305.10,305103.70,253733.70,253733.70, 7100.00,44270.00,    0.00,100.00,100.00,289.00,      MSMC,        L2,      NONE,      MSMC,       DDR,      MSMC,    0.39,    0.39,    0.29,    0.00,       1,
     113,TIDL_ConvolutionLayer,       3,       3,       1,       1,       1,       0,       0,       0,       1,         1,     128,     128,      20,      20,      20,      20,  305.10,305103.70,253733.70,253733.70, 7100.00,44270.00,    0.00,100.00,100.00,289.00,      MSMC,        L2,      NONE,      MSMC,       DDR,      MSMC,    0.39,    0.39,    0.29,    0.00,       1,
     114,TIDL_ConvolutionLayer,       1,       1,       1,       1,       1,       0,       0,       0,       1,         1,     128,       4,      20,      20,      20,      20,   14.69,14691.97, 3655.30, 3655.30, 7100.00, 3936.67,    0.00,100.00,  3.12,  1.12,      MSMC,        L2,      NONE,      MSMC,       DDR,      MSMC,    0.10,    0.00,    0.00,    0.00,       1,
     115,TIDL_ConvolutionLayer,       1,       1,       1,       1,       1,       0,       0,       0,       1,         1,     128,       1,      20,      20,      20,      20,   14.54,14541.97, 3655.30, 3655.30, 7100.00, 3786.67,    0.00,100.00,  0.88,  0.38,      MSMC,        L2,      NONE,      MSMC,       DDR,      MSMC,    0.10,    0.00,    0.00,    0.00,       1,
     116,TIDL_ConcatLayer,       1,       1,       1,       1,       1,       0,       0,       0,       1,         0,      11,      11,      20,      20,      20,      20,   19.53,19530.00, 1210.00, 2756.67,16500.00,  273.33, 2756.67,  8.62,  8.62,  0.00,      MSMC,        L2,      NONE,      MSMC,       DDR,      MSMC,    0.01,    0.01,    0.00,    0.00,       2,
     117,TIDL_DetectionOutputLayer,       1,       1,       1,       1,       1,       0,       0,       0,       1,         0,      11,       1,      80,      80,    1405,       1,   44.75,44750.00,  871.22,33166.67, 8500.00, 3083.33,33166.67,137.50,  5.50,  0.00,      MSMC,        L2,      NONE,      MSMC,       DDR,      MSMC,    0.14,    0.01,    0.00,    0.00,       2,
     118,TIDL_OdOutputReformatLayer,       1,       1,       1,       1,       1,       0,       0,       0,       1,         0,       1,       1,    1405,       1,       5,     200,    7.68, 7683.33,  107.89,  286.67, 7000.00,  396.67,  286.67,  5.50,  4.00,  0.00,      MSMC,        L2,      MSMC,       DDR,       DDR,      MSMC,    0.01,    0.00,    0.00,    0.00,       2,
     120,TIDL_DataLayer,       1,       1,       1,       1,       1,       0,       0,       0,       1,         0,       1,       0,       5,     200,       0,       0,    0.00,    0.00,    0.00,    0.00,    0.00,    0.00,    0.00,  0.00,  0.00,  0.00,       DDR,        L2,      NONE,       DDR,      NONE,      MSMC,    0.00,    0.00,    0.00,    0.00,       3,
     119,TIDL_OdOutputReformatLayer,       1,       1,       1,       1,       1,       0,       0,       0,       1,         0,       1,       1,    1405,       1,     200,       1,    7.79, 7793.33,   81.58,  396.67, 7000.00,  396.67,  396.67,  5.50,  0.88,  0.00,      MSMC,        L2,      MSMC,       DDR,       DDR,      MSMC,    0.01,    0.00,    0.00,    0.00,       2,
     121,TIDL_DataLayer,       1,       1,       1,       1,       1,       0,       0,       0,       1,         0,       1,       0,     200,       1,       0,       0,    0.00,    0.00,    0.00,    0.00,    0.00,    0.00,    0.00,  0.00,  0.00,  0.00,       DDR,        L2,      NONE,       DDR,      NONE,      MSMC,    0.00,    0.00,    0.00,    0.00,       3,
-------------------------Network summary-----------------------
Release version = TI_NETWORK_COMPILER_10.00.00
Total Network Cycles (mega)        =   366.18
total Network time (us)          = 366181.28
MSMC SRAM BW (Mega Bytes) : Read  =    36.62
MSMC SRAM BW (Mega Bytes) : Write =   106.46
MSMC SRAM BW (Mega Bytes) : Total =   143.08
DDR BW (Mega Bytes) : Read  =   119.67
DDR BW (Mega Bytes) : Write =    68.70
DDR BW (Mega Bytes) : Total =   188.37
---------------------------------------------------------------
*********   Configuration Parameters - For internal/debug use only *************
CPUFREQ_MHZ  = 1000
L2MEMSIZE_KB  =  224
MATPANELSIZE  =   32
LOOPSETUP_CYCLES  =   75
LAYERSETUP_CYCLES  = 6000
MMACORELOOP_OH  =  103
NUMCORES  =    1
CORE_START_IDX  =    0
MSMCSIZE_KB  = 1024
BUSWIDTH_L3_L2  = 1024
BUSWIDTH_DDR  =   32
DDRFREQ_MHZ  = 3200
NUMEMIF_PORTS  =    1
DDR_EFFICIENCY  = 0.60
MSMC_EFFICIENCY  = 0.90
L2_EFFICIENCY  = 0.95
BANKCONFLICTFACT  = 1.10
MSMC_READFACT  = 3.00
DATATYPE  =    1
INWIDTH  =  640
INHEIGHT  =  640
NUMCHANNELS  =    3
NUM_BIAS_INSTANCE  =    1
NUM_PANELSPLITS_VERTICAL  =    1
NUM_WRITEPORTS_L3  =    1
NUM_SE_READPORTS_L3  =    0
NUM_SE_READPORTS_L2  =    2
NUM_DRU_PORTS  =    1
BPANEL_WRITE_PORTS  =    1
NUM_LUT_WRITEMMA  =    0
BATCH_SIZE  =    1
